{
  "accuracy": 0.9205,
  "fraud_precision": 0.2897196261682243,
  "fraud_recall": 0.8985507246376812,
  "fraud_f1": 0.4381625441696113,
  "roc_auc": 0.9375633260531827,
  "test_rows": 2000
}